artists.items.0.followers.total,artists.items.0.genres.0,artists.items.0.genres.1,artists.items.0.genres.2,artists.items.0.genres.3,artists.items.0.genres.4,artists.items.0.genres.5,artists.items.0.genres.6,artists.items.0.genres.7,artists.items.0.genres.8,artists.items.0.genres.9,artists.items.0.id,artists.items.0.name,artists.items.0.popularity
5884856,atl hip hop,gangster rap,hip hop,pop rap,rap,southern hip hop,trap,,,,17lzZA2AlOHwCwFALHttmp,2 Chainz,85
8714721,atl hip hop,rap,trap,,,,,,,,1URnnhqYAYcrqrcwql10ft,21 Savage,91
512014,cali rap,,,,,,,,,,6fWVd57NKTalqvmjRd2t8Z,24kGoldn,91
160672,detroit trap,rap,southern hip hop,trap,,,,,,,45gHcnDnMC15sgx3VL7ROG,42 Dugg,76
6480492,east coast hip hop,gangster rap,hip hop,pop rap,queens hip hop,rap,,,,,3q7HBObVc0L8jNeTe5Gofh,50 Cent,86
6002183,emo rap,,,,,,,,,,7gZfnEnfiaHzxARJ2LeXrf,6ix9ine,83
2596387,alternative r&b,atl hip hop,hip hop,melodic rap,pop rap,rap,trap,,,,4IVAbR2w4JJNJDDRFP3E83,6LACK,83
3,,,,,,,,,,,7DU4M7XohfAfT7sD0FPKI2,9inehunnid,5
230939,florida rap,vapor trap,,,,,,,,,0ceH34CATvfgphxnLRWFkm,9lokknine,67
5218966,melodic rap,pop rap,rap,trap,,,,,,,31W5EY0aAly4Qieq6OFu6I,A Boogie Wit da Hoodie,88
2716088,hip hop,pop rap,rap,southern hip hop,trap,underground hip hop,,,,,5dHt1vcEm9qb8fCyLcB3HL,A$AP Ferg,80
8176244,east coast hip hop,hip hop,pop rap,rap,trap,,,,,,13ubrt8QOOCPljQ2FL1Kca,A$AP Rocky,86
1432928,canadian hip hop,pop,,,,,,,,,4rTv3Ejc7hKMtmoBOK1B4T,Ali Gatie,80
8082964,hip pop,neo soul,pop,r&b,urban contemporary,,,,,,3DiDSECUqqY1AuBP8qtaIa,Alicia Keys,84
39524,cali rap,,,,,,,,,,3BbPRvYQ0M9SFmhkHXozLm,Ambjaay,55
1443159,hip hop,pop rap,portland hip hop,rap,underground hip hop,,,,,,3Gm5F95VdRxW3mqCn8RPBJ,Aminé,79
1624462,escape room,,,,,,,,,,3jK9MiCrA42lLAdMGUZpwa,Anderson .Paak,80
15138,alternative r&b,indie r&b,,,,,,,,,028lPW2NdWHdSPCkRkcyhd,Ant Clemons,61
15033941,latin,reggaeton,reggaeton flow,trap latino,,,,,,,2R21vXR83lH98kGeO99Y66,Anuel AA,94
2397082,classic soul,jazz blues,memphis soul,soul,southern soul,,,,,,7nwUJBm0HE4ZxD3f5cy5ok,Aretha Franklin,76
53062576,pop,post-teen pop,,,,,,,,,66CXWjxzNUsdJxJ2JdwvnR,Ariana Grande,100
528331,pop rap,rhode island rap,,,,,,,,,0vRvGUQVUjytro0xpb26bs,Arizona Zervas,79
1940667,dance pop,hip hop,hip pop,pop,r&b,urban contemporary,,,,,5rkVyNGXEgeUqKkB5ccK83,Ashanti,75
462,,,,,,,,,,,1nGRqM8VNcQOcFsOnhpInD,ATR Son Son,67
165507,hip hop,rap,trap,underground hip hop,vapor trap,,,,,,5SXuuuRpukkTvsLuUknva1,Baby Keem,73
26638905,latin,reggaeton,trap latino,,,,,,,,4q3ewBCX7sLwd24euuV69X,Bad Bunny,99
62074,miami hip hop,,,,,,,,,,2CxtLXJMW2AbYPyQShuDT1,Ball Greezy,49
4538783,metropopolis,modern rock,pop,pop rock,,,,,,,7EQ0qTo7fWT7DPxmxtSYEc,Bastille,81
692016,canadian hip hop,dark trap,meme rap,pop rap,vapor trap,,,,,,41X1TR6hrK8Q2ZCpp2EqCz,bbno$,80
24984,houston rap,,,,,,,,,,5L8p9kDnX2cgoI8VLUL2p4,Beatking,69
5798909,dance pop,pop,pop dance,post-teen pop,,,,,,,64M6ah0SkkRsnPGtGiRAbb,Bebe Rexha,85
186828,canadian hip hop,pop rap,rap,southern hip hop,trap,trap soul,underground hip hop,,,,0FOWNUFHPnMy0vOw1siGqi,Belly,65
25080367,dance pop,pop,post-teen pop,r&b,,,,,,,6vWDO969PvNqNYHIOW5v0m,Beyoncé,89
2295524,pop,pop rap,social media pop,trap queen,viral rap,,,,,,7DuTB6wdzqFJGFLSH17k8e,Bhad Bhabie,70
7869283,detroit hip hop,hip hop,pop rap,rap,southern hip hop,trap,,,,,0c173mlxpT3dSFRgMO8XPh,Big Sean,87
997901,funk,motown,quiet storm,soul,,,,,,,1ThoqLcyIYvZn7iWbj8fsj,Bill Withers,76
175308,country,,,,,,,,,,60rpJ9SgigSd16DOAG7GSa,Billy Ray Cyrus,73
1176817,hip hop,memphis hip hop,rap,southern hip hop,trap,,,,,,41klVmDluQZmGGqoidNfbe,Blac Youngsta,70
3688548,pop,pop rap,,,,,,,,,2cFrymmkijnjDg9SS92EPM,blackbear,89
1191375,pop rap,rap,southern hip hop,tennessee hip hop,trap,vapor trap,,,,,4TEJudQY2pXxVHPE3gD2EU,BlocBoy JB,70
,,,,,,,,,,,,,
3155527,cali rap,trap,,,,,,,,,3Fl1V19tmjt57oBdxXKAjJ,Blueface,79
987686,nyc rap,trap,,,,,,,,,34Y0ldeyUv7jBvukWOGASO,Bobby Shmurda,65
23535,,,,,,,,,,,0C86lmpnwiyLDUiyo4d0P1,BRELAND,58
1054826,dmv rap,rap,,,,,,,,,3tlXnStJ1fFhdScmQeLpuG,Brent Faiyaz,81
1623179,boy band,hip hop,rap,,,,,,,,1Bl6wpkWCQ4KVgnASpvzzA,BROCKHAMPTON,79
4728,,,,,,,,,,,5jJjvmEwRr8epuGZq4eUUa,BRS Kash,63
27499670,dance pop,pop,,,,,,,,,0du5cEVh5yTK9QJze8zA0C,Bruno Mars,90
4464656,kentucky hip hop,pop,pop rap,r&b,rap,trap,,,,,2EMAnMvWE2eb56ToJVfCWs,Bryson Tiller,84
153016,alternative r&b,cali rap,rap,trap soul,underground hip hop,,,,,,6PDLwWvgYNMfBRLqC1h5cJ,Buddy,69
220389,afroswing,uk hip hop,,,,,,,,,6M6XXCcO5gI68XpIlrUL3Z,Young T & Bugsey,74
1634647,east coast hip hop,hardcore hip hop,hip hop,hip pop,pop rap,rap,,,,,1YfEcTuGvBQ8xSD1f53UnK,Busta Rhymes,80
604685,chicago rap,melodic rap,rap,southern hip hop,trap,vapor trap,,,,,0HkcYmcjrBR3SCw9Ld5VZk,Calboy,71
20859979,dance pop,edm,electro house,house,pop,pop dance,progressive house,uk dance,,,7CajNmpbOovFoOoasH2HaY,Calvin Harris,88
13254911,pop,pop rap,rap,,,,,,,,4kYSro6naA4h99UJvo89HB,Cardi B,92
,,,,,,,,,,,,,
284274,edm,electro house,electronic trap,pop rap,rap,southern hip hop,trap,underground hip hop,,,7CCjtD0hCK005Bvg2WG1a7,Carnage,67
5059549,chicago rap,conscious hip hop,hip hop,pop rap,rap,,,,,,1anyVhU62p31KFi8MEzkbf,Chance the Rapper,88
2392041,chicago drill,chicago rap,drill,hip hop,pop rap,rap,southern hip hop,trap,underground hip hop,,15iVAtD3s3FsQR4w1v6M0P,Chief Keef,77
7118857,atl hip hop,hip hop,pop rap,rap,,,,,,,73sIBHcqh3Z3NyqHKZ7FOL,Childish Gambino,82
70378,alternative r&b,trap soul,underground hip hop,,,,,,,,4bMNzAopkqYTwkBLwMKsF1,Childish Major,55
729138,alternative r&b,dance pop,pop,pop dance,pop rap,post-teen pop,r&b,,,,0AsThoR4KZSVktALiNcQwW,Chloe x Halle,72
12582697,dance pop,pop,pop rap,r&b,rap,,,,,,7bXgB6jMjp9ATFy66eO08Z,Chris Brown,92
4622304,dance pop,hip pop,pop,pop rap,post-teen pop,r&b,urban contemporary,,,,2NdeV5rLm47xAvogXrYhJX,Ciara,75
1015224,pop,scam rap,trap queen,,,,,,,,37hAfseJWi0G3Scife12Il,City Girls,80
40228,alabama rap,,,,,,,,,,5yy76ufVriyvidNSvXlRU1,Clever,69
240495,alternative hip hop,gangster rap,hardcore hip hop,hip hop,pop rap,rap,southern hip hop,trap,virginia hip hop,,2J257euzcjnDLipsyJH3F2,Clipse,58
1252866,dmv rap,hip hop,rap,trap,underground hip hop,vapor trap,,,,,0huGjMyP507tBCARyzSkrv,Cordae,74
128957,underground hip hop,,,,,,,,,,5oFkj1qSlyBUmV5d6Edgtq,Cozz,59
4914142,north carolina hip hop,rap,,,,,,,,,4r63FhuTkUYltbVAg5TQnk,DaBaby,95
20829178,latin,latin hip hop,reggaeton,trap latino,tropical,,,,,,4VMYDCV2IEDYJArk749S6m,Daddy Yankee,93
2263824,canadian contemporary r&b,pop,,,,,,,,,20wkVLutqVOYrc0kxFs7rA,Daniel Caesar,80
563707,pop,pop r&b,pop rap,r&b,rap,rap latina,,,,,0XIKGBo9PnK1ApI5tZA60d,DaniLeigh,73
281429,trap,vapor trap,viral rap,,,,,,,,0WK3H9OErSn5zKOkOV5egm,DDG,74
1216352,indie pop,indie rock,modern rock,pop rock,washington indie,,,,,,0YrtvWJMgSdVrk3SfNjTbx,Death Cab for Cutie,70
237950,atl trap,trap,,,,,,,,,1C5vXvYnmVVTKw4GVCKGzM,Derez De__hon,56
2313894,bmore,edm,moombahton,ninja,pop,pop dance,tropical house,,,,5fMUXHkw8R8eOP2RNVYEZX,Diplo,88
1842410,house,pop,uk dance,,,,,,,,6nS5roXSAGhTGr34W6n7Et,Disclosure,81
35430,houston rap,,,,,,,,,,28Jt29jw6Smc3ZkzALTouq,DJ Chose,68
5311621,dance pop,hip hop,miami hip hop,pop,pop rap,rap,southern hip hop,trap,,,0QHgL1lAIqAw0HtD7YldmP,DJ Khaled,85
9992,,,,,,,,,,,1qSJaftSab2kTTsj7fLxvM,DJ SpinKing,57
81867,atl hip hop,atl trap,ohio hip hop,rap,southern hip hop,trap,underground hip hop,vapor trap,,,6aLoJJxz7MV2iZ423S8tJC,Doe Boy,67
4232587,la indie,pop,,,,,,,,,5cj0lLjcoR7YOSnhnX0Po5,Doja Cat,89
376531,cali rap,hip hop,rap,southern hip hop,trap,underground hip hop,west coast trap,,,,3s8alQfNnY0roAHaJh7Xxt,Dom Kennedy,68
1040407,rap,trap,,,,,,,,,4Gso3d4CscCijv0lmajZWs,Don Toliver,90
50830850,canadian hip hop,canadian pop,hip hop,pop rap,rap,toronto rap,,,,,3TVXtAsR1Inumwj472S9r4,Drake,99
303819,hip hop,rap,underground hip hop,,,,,,,,1iNqsUDUraNWrj00bqssQG,Dreamville,73
498005,atl hip hop,hip hop,psychedelic hip hop,rap,underground hip hop,,,,,,5MbNzCW3qokGyoo9giHA3V,EARTHGANG,74
72259425,pop,uk pop,,,,,,,,,6eUKZXaKkcviH0Ku9w2n3V,Ed Sheeran,93
3166283,pop,pop rap,r&b,rap,uk contemporary r&b,urban contemporary,,,,,7HkdQ0gt53LP4zmHsL0nap,Ella Mai,77
39328892,detroit hip hop,hip hop,rap,,,,,,,,7dGJo4pcD2V6oG8kP0tJRR,Eminem,94
89059,alternative r&b,art pop,chillwave,dance pop,electropop,escape room,etherpop,pop dance,shimmer pop,shiver pop,5QuBVnBPEzwYvFrgBbwpmU,Empress Of,62
1693537,dance pop,gangster rap,hip hop,hip pop,pop rap,r&b,rap,trap,urban contemporary,,0YWxKQj2Go9CGHCp77UOyy,Fabolous,74
2057017,chicago rap,drill,hip hop,pop rap,rap,southern hip hop,trap,underground hip hop,vapor trap,,0WOxhx4hikIsyF3CRPLC8W,Famous Dex,70
910189,bronx hip hop,east coast hip hop,gangster rap,hardcore hip hop,hip hop,hip pop,pop rap,rap,trap,,3ScY9CQxNLQei8Umvpx5g6,Fat Joe,73
3924170,new jersey rap,pop rap,rap,southern hip hop,trap,,,,,,6PXS4YHDkKvl1wkIl4V8DL,Fetty Wap,77
231993,brooklyn drill,new york drill,rap,trap,,,,,,,14CHVeJGrR5xgUGQFV5BVM,Fivio Foreign,75
749434,hip hop,melodic rap,pop rap,rap,southern hip hop,trap,vapor trap,,,,2HUwZ0kumzCSlhFcjFZfpp,Flipp Dinero,71
6685278,alternative r&b,hip hop,lgbtq+ hip hop,neo soul,pop,,,,,,2h93pZq0e7k5yf4dywlkpM,Frank Ocean,87
320349,gospel,,,,,,,,,,2ndyVAdV9UqF1XjyTJt484,Fred Hammond,59
3715093,hip hop,pop rap,rap,southern hip hop,trap,,,,,,6vXTefBL93Dj5IqAWq6OTv,French Montana,83
9510809,atl hip hop,pop rap,rap,southern hip hop,trap,,,,,,1RyvyyTE3xzB2ZywiAwp0i,Future,93
1022509,chicago drill,chicago rap,drill,rap,southern hip hop,trap,,,,,5QdEbQJ3ylBnc3gsIASAT5,G Herbo,75
4657446,hip hop,indie pop rap,oakland hip hop,pop rap,rap,,,,,,02kJSzxNuaWGqwubyUba0Z,G-Eazy,85
355448,dark clubbing,destroy techno,,,,,,,,,3hteYQFiMFbJY7wS0xDymP,Gesaffelstein,67
324594,alternative r&b,,,,,,,,,,4fxd5Ee7UefO4CUXgwJ7IP,Giveon,79
60542,cali rap,oakland hip hop,scam rap,trap soul,underground hip hop,vapor trap,,,,,0NcPKaSNIHAM2RfioH9vMT,Guapdad 4000,67
3540406,atl hip hop,dirty south rap,gangster rap,hip hop,pop rap,rap,southern hip hop,trap,,,13y7CgLHjMVRMDqxdx0Xdo,Gucci Mane,84
,,,,,,,,,,,,,
2640627,atl hip hop,melodic rap,rap,trap,,,,,,,2hlmm7s2ICUX0LVIhVFlZQ,Gunna,93
80325,gangster rap,miami hip hop,trap,,,,,,,,7cvtOrIEaUrqbGmYA9Kj34,Gunplay,53
3098778,alternative r&b,pop,r&b,,,,,,,,3Y7RZ31TRPVadSFVy1o8os,H.E.R.,83
12740700,dance pop,electropop,etherpop,indie poptimism,pop,pop dance,post-teen pop,,,,26VFTg2z8YR0cCuwLzESi2,Halsey,91
12740700,dance pop,electropop,etherpop,indie poptimism,pop,pop dance,post-teen pop,,,,26VFTg2z8YR0cCuwLzESi2,Halsey,91
225465,uk hip hop,,,,,,,,,,6UCQYrcJ6wab6gnQ89OJFh,Headie One,81
28655,cali rap,rap,,,,,,,,,6q3p11nP1p80Ey6LrOOSed,Hit-Boy,69
759256,melodic rap,pop rap,rap,southern hip hop,trap,,,,,,6extd4B6hl8VTmnlhpl2bY,Huncho Jack,66
831776,melodic rap,pop rap,,,,,,,,,6ASri4ePR7RlsvIQgWPJpS,iann dior,91
5180499,australian hip hop,dance pop,hip pop,pop,pop dance,pop rap,post-teen pop,,,,5yG7ZAZafVaAlMTeBybKAL,Iggy Azalea,76
162750,pop rap,rap,trap,,,,,,,,6MPCFvOQv5cIGfw3jODMF0,Internet Money,89
24003890,latin,reggaeton,reggaeton colombiano,,,,,,,,1vyhD5VmyZ7KMfW5gqLgo5,J Balvin,98
12029852,conscious hip hop,hip hop,north carolina hip hop,rap,,,,,,,6l3HvQ5sa6mXTsMTB19rO5,J. Cole,89
330063,nyc rap,,,,,,,,,,2eqoJbzUGDwys5ENUkbT3h,J.I the Prince of N.Y,74
5406,,,,,,,,,,,0vaKiuLwFJLVU664A8GTjE,Jace,60
502154,deep underground hip hop,kentucky hip hop,pop rap,rap,,,,,,,2LIk90788K0zvyj2JJVwkJ,Jack Harlow,85
333448,rap,trap,,,,,,,,,7A8S43ryYdbWpJKeHRZRcq,JACKBOYS,77
1769029,atl hip hop,dance pop,pop,pop r&b,pop rap,r&b,rap,urban contemporary,,,4tMm1dU6Gn04VAZ9ClHcIZ,Jacquees,75
,,,,,,,,,,,,,
1769029,atl hip hop,dance pop,pop,pop r&b,pop rap,r&b,rap,urban contemporary,,,4tMm1dU6Gn04VAZ9ClHcIZ,Jacquees,75
1341781,hip hop,rap,,,,,,,,,0xOeVMOz2fVg5BJY3N6akT,Jaden,80
1343197,atl hip hop,dance pop,hip hop,hip pop,neo soul,new jack swing,pop r&b,pop rap,quiet storm,r&b,7Aq8lpLMSt1Zxu56pe9bmp,Jagged Edge,68
1097767,indie soul,uk alternative pop,,,,,,,,,53KwLdlmrlCelAZMaLVZqU,James Blake,75
13376,,,,,,,,,,,5ooSG9S0glqP5ZrqqaHBvT,James Fauntleroy,59
2258459,dance pop,hip pop,neo soul,new jack swing,r&b,urban contemporary,,,,,4qwGe91Bz9K2T8jXTZ815W,Janet Jackson,71
939114,conscious hip hop,gangster rap,hip hop,pop rap,rap,southern hip hop,trap,underground hip hop,,,28ExwzUQsvgJooOI0X1mr3,Jay Rock,76
5739283,east coast hip hop,hip hop,pop rap,rap,,,,,,,3nFkdlSjzX9mRTtwJOzDYB,JAY-Z,87
4629211,chicago rap,dance pop,hip hop,pop,pop rap,r&b,southern hip hop,trap,urban contemporary,,3KV3p5EY4AvKxOlhGHORLg,Jeremih,82
258295,atl hip hop,dirty south rap,gangster rap,hip hop,hip pop,pop rap,rap,southern hip hop,,,6nfYGe7IIuuP5bMY1jkJP6,Jermaine Dupri,63
844308,canadian contemporary r&b,canadian pop,pop,,,,,,,,3KedxarmBCyFBevnqQHy3P,Jessie Reyez,77
5730,,,,,,,,,,,0UcXjTpzt0DmIwPSNwlJfF,jetsonmade,63
3849441,alternative r&b,pop,r&b,urban contemporary,,,,,,,5ZS223C6JyBfXasXxrRqOk,Jhené Aiko,84
581057,hip hop,rap,underground hip hop,,,,,,,,6U3ybJ9UHNKEdsH7ktGBZ7,JID,76
1947334,conscious hip hop,hip hop,rap,underground hip hop,,,,,,,2P5sC9cVZDToPxyomzF1UH,Joey Bada$$,76
5304602,neo soul,pop,pop soul,r&b,urban contemporary,,,,,,5y2Xq6xcjJb2jVM54GHK3t,John Legend,85
3640497,alternative r&b,viral pop,,,,,,,,,3MZsBdqDrRTJihTHQrO6Dq,Joji,89
2537949,reggaeton,reggaeton flow,trap latino,,,,,,,,5bWUlnPx9OYKsLiUJrhCA1,Jon Z,74
1474302,boston hip hop,hip hop,pop rap,rap,,,,,,,6C1ohJrd5VydigQtaGy5Wa,Joyner Lucas,81
13502351,chicago rap,melodic rap,,,,,,,,,4MCBfE4596Uoi2O4DtmEMz,Juice WRLD,99
,,,,,,,,,,,,,
2360511,crunk,dirty south rap,gangster rap,hip hop,memphis hip hop,pop rap,rap,southern hip hop,trap,,5gCRApTajqwbnHHPbr2Fpi,Juicy J,79
39571430,canadian pop,pop,post-teen pop,,,,,,,,1uNFoZAHBGtllmzznpCI3s,Justin Bieber,97
9895411,dance pop,pop,,,,,,,,,31TPClRtHm23RisEBtV3X7,Justin Timberlake,84
1180297,colombian pop,pop,,,,,,,,,1U1el3k54VvEUzo3ybLPlM,Kali Uchis,81
2936832,contemporary country,country road,,,,,,,,,3oSJ7TBVCWMDMiYjXNiCKE,Kane Brown,83
12758358,chicago rap,rap,,,,,,,,,5K4W6rqBFWDnAN6FQUkS6x,Kanye West,92
13056009,latin,latin pop,reggaeton,reggaeton colombiano,trap latino,,,,,,790FomKkXshlbRYZFtlgla,KAROL G,90
4058270,pop,pop rap,post-teen pop,r&b,,,,,,,0cGUm45nv7Z6M6qdXYQGTX,Kehlani,83
15836398,conscious hip hop,hip hop,rap,west coast rap,,,,,,,2YZyLoL8N0Wb9xBt1NhZWg,Kendrick Lamar,90
673553,smooth jazz,smooth saxophone,,,,,,,,,6I3M904Y9IwgDjrQ9pANiB,Kenny G,71
3732574,baton rouge rap,pop rap,rap,southern hip hop,trap,,,,,,1gPhS1zisyXr5dHTYZyiMe,Kevin Gates,80
700820,rap,southern hip hop,tennessee hip hop,trap,,,,,,,0RESbWvOMyua0yuyVrztJ5,Key Glock,72
12904229,alternative r&b,pop,,,,,,,,,6LuN9FCkKOj5PcnpouEgny,Khalid,93
,,,,,,,,,,,,,
754835,alternative r&b,dance pop,pop,pop r&b,post-teen pop,r&b,urban contemporary,,,,7jZMxhsB8djyIbYmoiJSTs,Kiana Ledé,73
4163685,hip hop,ohio hip hop,pop rap,rap,,,,,,,0fA0VVWsXO9YnASrzqfmYu,Kid Cudi,84
745619,australian hip hop,,,,,,,,,,2tIP7SsRs7vjIcLrU85W8J,The Kid LAROI,90
659156,hip hop,rap,underground hip hop,,,,,,,,2hPgGN4uhvXAxiXQBIXOmE,KIDS SEE GHOSTS,68
31071,,,,,,,,,,,3EWxytcxaM0tksU6v3je2Q,kiLL edward,52
57491,cali rap,pop r&b,,,,,,,,,41I5xI04kixwmonDBl0Sda,King Combs,63
528120,chicago rap,trap,,,,,,,,,6QtgPSJPSzcnn7dPZ4VINp,King Von,83
6381265,florida rap,hip hop,melodic rap,miami hip hop,rap,southern hip hop,trap,,,,46SHBwWsqBkxI7EeeBEQG7,Kodak Black,85
81378,atl hip hop,trap queen,,,,,,,,,1CUeN4GnHAGUk9nAXPorF4,Kodie Shane,57
651520,chinese hip hop,chinese idol pop,,,,,,,,,2lbUjuMzHkT4qIECvk2f3L,Kris Wu,57
1371211,pop,,,,,,,,,,2feDdbD5araYcm6JhFHHw7,Labrinth,84
270618,emo rap,sad rap,underground hip hop,vapor trap,,,,,,,04ei5kNgmDuNAydFhhIHnD,Landon Cube,70
198434,social media pop,viral rap,,,,,,,,,0rQjJGZLXBq95OA3nSmDj9,Larray,63
209364,pop r&b,,,,,,,,,,02ZtVIjKL1PYLlMmP1sz0h,Layton Greene,67
5453957,atl hip hop,atl trap,rap,,,,,,,,5f7VJjfbwm532GiveGC0ZK,Lil Baby,94
1730456,comedy rap,pop rap,rap,,,,,,,,1tqhsYv8yBBdwANFNzHtcr,Lil Dicky,71
1930318,chicago drill,chicago rap,drill,hip hop,rap,southern hip hop,trap,,,,3hcs9uc56yIGFCSy9leWe7,Lil Durk,88
2990715,melodic rap,rap conscient,vapor trap,,,,,,,,5zctI4wO9XSKS8XwcnqEHk,Lil Mosey,86
3680917,country rap,lgbtq+ hip hop,pop rap,queer country,,,,,,,7jVv8c5Fj3E9VhNjxT4snq,Lil Nas X,81
7350154,emo rap,miami hip hop,rap,trap,underground hip hop,,,,,,3wyVrVrFCkukjdVIdirGVY,Lil Pump,77
4525597,melodic rap,pop rap,rap,trap,,,,,,,7d3WFRME3vBY2cgoP38RDo,Lil Skies,81
3050768,melodic rap,rap,trap,,,,,,,,4Ga1P7PMIsmqEZqhYZQgDo,Lil Tecca,84
2025908,brooklyn drill,melodic rap,nyc rap,,,,,,,,6jGMq4yGs7aQzuGsMgVgZR,Lil Tjay,88
10159030,melodic rap,philly rap,rap,trap,,,,,,,4O15NlyKLIASxsJ0PrXPfz,Lil Uzi Vert,93
9755605,hip hop,new orleans rap,pop rap,rap,trap,,,,,,55Aa2cqylxrFIXC767Z865,Lil Wayne,91
2098803,emo rap,underground hip hop,,,,,,,,,3EXdLajEO02ziZ90P90bSW,Lil Xan,70
6673888,atl hip hop,hip hop,melodic rap,rap,southern hip hop,trap,underground hip hop,,,,6icQOAFXDZKsumw3YXyusw,Lil Yachty,84
54438,hip hop,,,,,,,,,,6YiHht3u7FFszle72kpbdQ,Lil Duval,56
3337884,dance pop,escape room,minnesota hip hop,pop,pop dance,pop rap,trap queen,,,,56oDRnqbIiwx4mymNEv7dS,Lizzo,80
5025435,conscious hip hop,dmv rap,hip hop,pop rap,rap,,,,,,4xRYI6VqpkE3UwrDrAZL8L,Logic,85
55275,atl hip hop,,,,,,,,,,5Nf5yishRW9Ye174sJISkg,London On Da Track,67
123618,adult standards,jump blues,lounge,soul,swing,vocal jazz,,,,,52lBOxCxbJg0ttXEW9CQpW,Louis Prima,64
537690,pop r&b,st louis rap,,,,,,,,,24CgJHK6T7C5OmUbiLLMjJ,Luh Kel,72
92788,north carolina hip hop,underground hip hop,,,,,,,,,75WcpJKWXBV3o3cfluWapK,Lute,65
963182,dance pop,escape room,indietronica,new rave,,,,,,,0QJIPDAEDILuo8AIq3pMuU,M.I.A.,78
5056221,hip hop,pittsburgh rap,pop rap,rap,,,,,,,4LLpKhyESsyAXpc4laK94U,Mac Miller,87
2727883,ohio hip hop,pop rap,,,,,,,,,6TIYQ3jFPwQSRmorSezPxX,Machine Gun Kelly,90
3777,,,,,,,,,,,18AOdS1Qw4XXnQSiPJQr1B,Mack Maine,50
948978,atl hip hop,hip hop,melodic rap,pop rap,rap,southern hip hop,trap,underground hip hop,vapor trap,,5SyGEPymt1G2uto47tVWvZ,MadeinTYO,73
21841856,reggaeton,reggaeton colombiano,,,,,,,,,1r4hJ1h58CWwUQe3MxPuau,Maluma,95
27890261,brostep,edm,pop,pop dance,progressive electro house,,,,,,64KEffDW9EtZ1y2vBYgq8T,Marshmello,91
2469741,dance pop,hip pop,neo soul,pop,r&b,urban contemporary,,,,,1XkoF8ryArs86LZvFOkbyr,Mary J. Blige,75
218750,melodic rap,underground hip hop,vapor trap,,,,,,,,2J6pigOrBmKQgqJUY5UM7r,Matt Ox,59
4560562,hip hop,philly rap,pop rap,rap,southern hip hop,trap,,,,,20sxb77xiYeusSH8cVdatc,Meek Mill,83
2485606,houston rap,pop,pop rap,trap queen,,,,,,,181bsRPaVXVlUKXrxwZfHK,Megan Thee Stallion,90
2149648,hip hop,pop rap,rap,southern hip hop,trap,,,,,,0iEtIxbK0KxaSlF7G42ZOp,Metro Boomin,89
10043,north carolina hip hop,,,,,,,,,,30C5wgn4celhRP3Tytv7R6,Mez,61
16405677,pop,r&b,soul,,,,,,,,3fMbdgg4jU18AjLCKBhRSm,Michael Jackson,86
10956534,atl hip hop,hip hop,pop rap,rap,trap,,,,,,6oMuImdp5ZcFhWP0ESe6mG,Migos,84
3084426,dance pop,pop,pop rap,r&b,urban contemporary,,,,,,360IAlyVv4PCEVjgyMZrxK,Miguel,82
1136200,atl hip hop,hip hop,pop rap,rap,southern hip hop,trap,underground hip hop,,,,0NWbwDZY1VkRqFafuQm6wk,Mike WiLL Made-It,76
1477229,dance pop,hip hop,hip pop,pop,pop rap,r&b,urban contemporary,virginia hip hop,,,2wIVse2owClT7go1WT98tk,Missy Elliott,77
13166075,dance pop,pop,pop dance,post-teen pop,,,,,,,5YGY8feqx7naU7z4HrwZM6,Miley Cyrus,89
1331239,downtempo,electronica,,,,,,,,,3OsRAKCvk37zwYcnzRf5XF,Moby,74
271252,atl trap,rap,southern hip hop,trap,,,,,,,3Rx4PJ7SP6unkOk5elPUK7,Money Man,76
1682907,rap,southern hip hop,tennessee hip hop,trap,,,,,,,3tJoFztHeIJkJWMrx0td2f,Moneybagg Yo,81
,,,,,,,,,,,,,
364713,pop r&b,trap queen,,,,,,,,,3MdXrJWsbVzdn6fe5JYkSQ,Mulatto,75
115704,canadian hip hop,,,,,,,,,,3CbYyyd8wH3RT6t0jwpdzC,Murda Beatz,69
771802,cali rap,hip hop,pop rap,rap,southern hip hop,trap,,,,,0YinUQ50QDB7ZxSCLyQ40k,Mustard,83
616070,hip hop,virginia hip hop,,,,,,,,,5wPoxI5si3eJsYYwyXV4Wi,N.E.R.D,64
2126823,conscious hip hop,east coast hip hop,gangster rap,hardcore hip hop,hip hop,queens hip hop,rap,,,,20qISvAhX20dpIbOOzGK3q,Nas,77
2252825,canadian hip hop,melodic rap,pop rap,rap,toronto rap,trap,,,,,7rkW85dBwwrJtlHRDkJDAC,NAV,90
,,,,,,,,,,,,,
5818060,baton rouge rap,trap,,,,,,,,,7wlFDEWiM5OoIAt8RSli8b,YoungBoy Never Broke Again,89
5630500,dance pop,pop,pop rap,r&b,urban contemporary,,,,,,21E3waRsmPlU7jZsS13rcj,Ne-Yo,82
4473538,hip hop,pop rap,rap,,,,,,,,6fOMl44jA4Sp5b9PpYCkzz,NF,86
19257344,dance pop,hip pop,pop,pop dance,pop rap,post-teen pop,queens hip hop,,,,0hCNtLu0JehylgoiP8L4Gh,Nicki Minaj,92
1766904,conscious hip hop,gangster rap,hip hop,pop rap,rap,southern hip hop,trap,,,,0EeQBlQJFiAfJeVN2vT9s0,Nipsey Hussle,76
2411440,memphis hip hop,,,,,,,,,,0ErzCpIMyLcjPiwT4elrtZ,NLE Choppa,84
1785544,atl hip hop,hip hop,pop rap,rap,southern hip hop,trap,,,,,4DdkRBBYG6Yk9Ka8tdJ9BW,Offset,84
67195,afrobeat,afropop,malian blues,mande pop,wassoulou,world,,,,,65CKKZilbcSKkAPC9a5Mvh,Oumou Sangaré,56
106926,nyc rap,,,,,,,,,,7Gkyjs2OYQpJdOvvmwIz2Z,Pardison Fontaine,58
2635636,pop,pop rap,r&b,rap,toronto rap,trap,urban contemporary,,,,2HPaUgqeutzr3jx5a9WyDV,PARTYNEXTDOOR,83
37604,nyc rap,,,,,,,,,,0FTrIsp2Mg7Bkf8eXQrISa,PHresher,49
4092114,atl hip hop,hip hop,rap,trap,underground hip hop,,,,,,699OTQXzgjhIYAHMy9RyPD,Playboi Carti,82
1214372,dirty south rap,gangster rap,hip hop,miami hip hop,pop r&b,pop rap,rap,southern hip hop,trap,urban contemporary,3jksrX4oBklxR78ft8gv3j,Plies,71
2758282,melodic rap,pop rap,rap,trap,,,,,,,21WS9wngs9AqFckK7yYJPM,PnB Rock,80
2455946,chicago rap,,,,,,,,,,6AgTAQt8XS6jRWi4sX7w49,Polo G,90
2602526,brooklyn drill,,,,,,,,,,0eDvMgVFoNV3TpwtrVCoTj,Pop Smoke,96
29386814,dfw rap,melodic rap,rap,,,,,,,,246dkjvS1zLTtiykXe5h60,Post Malone,95
1814209,gangster rap,hip hop,pop rap,rap,southern hip hop,trap,underground hip hop,virginia hip hop,,,0ONHkAv9pCAFxb0zJwDNTy,Pusha T,74
1229711,melodic rap,trap,,,,,,,,,4IprNlQiJZUUJhDl0fL2SL,Quando Rondo,70
4475798,atl hip hop,hip hop,melodic rap,pop rap,rap,southern hip hop,trap,,,,0VRj0yCOv2FXJNP47XQnx5,Quavo,87
1648664,pop,pop r&b,r&b,urban contemporary,,,,,,,3nViOFa3kZW8OMSNOzwr98,Queen Naija,73
562,,,,,,,,,,,65TI81cGOUJx4OXM4VHTND,Queendome Come,61
6144140,hip hop,melodic rap,mississippi hip hop,pop rap,rap,southern hip hop,trap,,,,7iZtZyCzp3LItcw1wtPI3D,Rae Sremmurd,78
428343,cali rap,trap,vapor trap,,,,,,,,2TImI3DW7o5MdRXJs4D37h,SOB X RBE,63
99817,hip hop,indie hip hop,rap,underground hip hop,,,,,,,6XpXnnKHIhCOUbOLOJGe6o,REASON,65
52240,underground hip hop,vapor trap,,,,,,,,,07V3atNq2TyPNDYmzp6Dyy,Reese LAFLARE,61
617,,,,,,,,,,,66jpZDjMcxF3SfDfwK7GXe,Reginae Carter,46
2381936,atl hip hop,hip hop,melodic rap,pop rap,rap,southern hip hop,trap,vapor trap,,,1pPmIToKXyGdsCF6LmqLmI,Rich The Kid,80
4376927,dirty south rap,gangster rap,hip hop,pop rap,rap,southern hip hop,trap,,,,1sBkRIssrMs1AbVkOJbc7a,Rick Ross,83
39885422,barbadian pop,dance pop,pop,pop dance,post-teen pop,r&b,urban contemporary,,,,5pKCCKE2ajJHZ9KAiaK11H,Rihanna,92
1354214,florida rap,,,,,,,,,,45TgXXqMDdF8BkjA83OM7z,Rod Wave,82
4788145,melodic rap,rap,trap,,,,,,,,757aE44tKEUQEqRuT6GnEB,Roddy Ricch,91
51759,nyc rap,,,,,,,,,,6LXRvV2OAtXF7685fzh3mj,Rowdy Rebel,64
524714,alternative hip hop,detroit hip hop,gangster rap,hardcore hip hop,hip hop,rap,southern hip hop,,,,6DVipHzYsPlIoA0DW8Gmns,"Royce Da 5'9""",69
524714,alternative hip hop,detroit hip hop,gangster rap,hardcore hip hop,hip hop,rap,southern hip hop,,,,6DVipHzYsPlIoA0DW8Gmns,"Royce Da 5'9""",69
3742767,hawaiian hip hop,pop rap,rap,,,,,,,,1z7b1Pr1rSlvWRzsW3HOrS,Russ,83
1111264,latin,latin hip hop,reggaeton,reggaeton flow,trap latino,tropical,,,,,1fctva4kpRbg2k3v7kwRuS,Rvssian,73
22103,,,,,,,,,,,4we5S2VLjgY9KzIzApL1KI,Ryan Tedder,64
242871,detroit trap,scam rap,trap,,,,,,,,2JSwnwAT1BupAQkhqcRCUw,Sada Baby,72
126726,canadian hip hop,trap soul,,,,,,,,,3bnpcWBcvlfq4hPFJjNPbz,SAFE,57
562628,melodic rap,pop rap,rap,,,,,,,,0H39MdGGX6dbnnQPt6NQkZ,SAINt JHN,84
15889,south african hip hop,,,,,,,,,,37Qsf5KCKljH7mL134xp4k,Saudi,57
808147,cali rap,pop,pop rap,trap queen,,,,,,,6cK3NBO6uP7hh0oyuVELFl,Saweetie,80
3402591,gangster rap,hip hop,pop rap,rap,southern hip hop,trap,underground hip hop,,,,5IcR3N7QB1j6KBL8eImZ8m,ScHoolboy Q,80
,,,,,,,,,,,,,
990690,rap,trap,underground hip hop,vapor trap,,,,,,,2RDOrhPqAM4jzTRCEb19qX,Sheck Wes,71
175,,,,,,,,,,,229HpjJ0mDMcH3PXuj85O2,Sherhonda Gaulden,40
100637,baltimore hip hop,cali rap,,,,,,,,,5fyvTyetDr7gvLafBsEEhU,Shordie Shordie,66
836711,birmingham grime,grime,instrumental grime,rap,,,,,,,2p1fiYHYiXz9qi0JJyxBzN,Skepta,80
3680058,miami hip hop,underground hip hop,vapor trap,,,,,,,,2rhFzFmezpnW82MNqEKVry,Ski Mask The Slump God,81
420531,electropop,piano rock,viral pop,,,,,,,,4utLUGcTvOJFr6aqIJtYWV,Skylar Grey,74
176931,brooklyn drill,nyc rap,,,,,,,,,6EPlBSH2RSiettczlz7ihV,Sleepy Hallow,75
81563,trap,,,,,,,,,,7EEiVZvj6RCEtVX2F2pyxu,Slim Jxmmi,68
2099979,melodic rap,meme rap,miami hip hop,rap,trap,underground hip hop,vapor trap,,,,21dooacK2WGBB5amYvKyfM,Smokepurpp,72
6343432,g funk,gangster rap,hip hop,rap,west coast rap,,,,,,7hJcb9fa4alzcOq3EaNPoG,Snoop Dogg,87
428343,cali rap,trap,vapor trap,,,,,,,,2TImI3DW7o5MdRXJs4D37h,SOB X RBE,63
2787,brooklyn drill,,,,,,,,,,2UyyBkpzN5w3hzZBZGvRZb,Sosa Geek,58
32811,atl trap,houston rap,vapor trap,,,,,,,,3Bj81IbILbuj2uEwWXMdXI,Sosamann,53
21168,pop soul,,,,,,,,,,0yq6uHIfFks9yOURUuCITV,Stacy Barthe,55
3469,chill r&b,,,,,,,,,,3pbi8H08p95NUZ7m6ybxUV,Static Major,62
118243,melodic rap,viral rap,,,,,,,,,1XLWox9w1Yvbodui0SRhUQ,StaySolidRocky,76
4605728,funk,motown,quiet storm,soul,,,,,,,7guDJrEfX3qb6FEbdPA5qi,Stevie Wonder,81
434419,southern hip hop,trap,,,,,,,,,44IvvHRk2XF243QLA2VOa8,Stunna 4 Vegas,73
1770135,pop,r&b,,,,,,,,,57LYzLEk2LcFghVwuWbcuS,Summer Walker,82
,,,,,,,,,,,,,
975591,melodic rap,pop rap,rap,trap,,,,,,,1zNqQNIdeOUZHb8zbZRFMX,Swae Lee,87
975591,melodic rap,pop rap,rap,trap,,,,,,,1zNqQNIdeOUZHb8zbZRFMX,Swae Lee,87
267663,battle rap,hip pop,pop rap,rap,southern hip hop,trap,,,,,2cADQgiLMjNhbsfeN52Bf3,Swizz Beatz,67
355562,alternative r&b,lgbtq+ hip hop,,,,,,,,,3jk39CGeaaSO3FPKNx1RUx,Syd,69
3877427,pop,pop rap,rap,,,,,,,,7tYKF4w9nC0nq9CsPZTHyP,SZA,84
3877427,pop,pop rap,rap,,,,,,,,7tYKF4w9nC0nq9CsPZTHyP,SZA,84
2951152,dance pop,hip hop,pop,pop rap,r&b,rap,southern hip hop,trap,urban contemporary,,3aQeKQSyrW4qWr35idm0cy,T-Pain,82
3509561,atl hip hop,dance pop,dirty south rap,gangster rap,hip hop,pop rap,rap,southern hip hop,trap,,4OBJLual30L7gRl5UkeRcT,T.I.,81
1039973,atl hip hop,rap,southern hip hop,trap,vapor trap,,,,,,3EW0kQ1skZiK1NHg3Spt9J,Takeoff,68
524863,pop r&b,r&b,urban contemporary,,,,,,,,4mwXUEKaW4ftbncf9Hi58l,Tank,63
2211452,cali rap,dfw rap,rap,trap,underground hip hop,vapor trap,viral rap,,,,2ODbg2404zUzTi02qIPEjB,Tay-K,69
2117325,detroit hip hop,detroit trap,hip hop,pop rap,rap,southern hip hop,trap,,,,6AUl0ykLLpvTktob97x9hO,Tee Grizzley,75
971567,pop,pop rap,r&b,urban contemporary,,,,,,,4fpTMHe34LC5t3h5ztK8qu,The Carters,63
5330309,hip hop,rap,,,,,,,,,4V8LLVI7PbaPR0K2TGSxFF,"Tyler, The Creator",85
745619,australian hip hop,,,,,,,,,,2tIP7SsRs7vjIcLrU85W8J,The Kid LAROI,90
160331,rap,,,,,,,,,,2PaZWGu5T5nHjY2xxAkFsT,THE SCOTTS,73
25865695,canadian contemporary r&b,canadian pop,pop,,,,,,,,1Xyo4u8uXC1ZmMpatF05PJ,The Weeknd,96
292582,alternative r&b,escape room,indie soul,,,,,,,,4lPl9gqgox3JDiaJ1yklKh,Tierra Whack,70
175016,pop r&b,trap,,,,,,,,,65rDIPdQD7ijLSOq32cMXo,TK Kravitz,61
29,,,,,,,,,,,1hZyutc6z6g51tuupZ0qdI,Tokyo's Revenge,29
3331458,canadian hip hop,melodic rap,pop rap,rap,toronto rap,trap,,,,,2jku7tDXc6XoB6MO2hFuqg,Tory Lanez,87
13614143,rap,,,,,,,,,,0Y5tJX1MQlPlqiwlOH1tJY,Travis Scott,96
511596,alternative r&b,melodic rap,pop rap,,,,,,,,7uaIm6Pw7xplS8Dy06V6pT,Trevor Daniel,80
5545490,melodic rap,rap,trap,,,,,,,,6Xgp2XMz1fhVYe7i6yNAax,Trippie Redd,91
3559025,hip hop,pop,pop rap,r&b,trap,trap soul,,,,,7c0XG5cIJTrrAgEC3ULPiq,Ty Dolla $ign,91
5998068,dance pop,hip hop,pop rap,rap,trap,,,,,,5LHRHt1k9lMyONurDHEdrp,Tyga,89
235543,cali rap,melodic rap,pop rap,rap,trap,,,,,,1MXZ0hsGic96dWRDKwAwdr,Tyla Yaweh,76
5330309,hip hop,rap,,,,,,,,,4V8LLVI7PbaPR0K2TGSxFF,"Tyler, The Creator",85
1848217,meme rap,trap,underground hip hop,vapor trap,,,,,,,3Fdm9TFJQCLmC3AWMuGExi,Ugly God,62
8198161,atl hip hop,dance pop,pop,r&b,south carolina hip hop,urban contemporary,,,,,23zg3TcAtWQy7J6upgbUnj,Usher,85
181827,pop r&b,,,,,,,,,,3wVXTWabe3viT0jF7DfjOL,Vedo,76
1215939,conscious hip hop,escape room,hip hop,rap,southern hip hop,underground hip hop,,,,,68kEuyFKyqrdQQLLsmiatm,Vince Staples,73
2840201,dance pop,gangster rap,hip hop,pop,pop rap,r&b,rap,southern hip hop,trap,urban contemporary,67nwj3Y5sZQLl72VNUHEYE,Wale,79
869,,,,,,,,,,,79KQgTCu4wV38ECYKn62DZ,White Gold,59
18206,viral rap,,,,,,,,,,5KYEMMz9O9iLIESifKAEOp,WhoHeem,72
9487232,hip hop,pittsburgh rap,pop rap,rap,southern hip hop,trap,,,,,137W8MRPWKqSmrBGDBFSop,Wiz Khalifa,88
483202,afro dancehall,afropop,azonto,nigerian hip hop,nigerian pop,,,,,,3tVQdUvClmAT7URs9V3rsp,WizKid,80
2275252,modern alternative rock,modern rock,pop,pop rock,rock,stomp pop,,,,,3NPpFNZtSTHheNBaWC82rB,X Ambassadors,79
23121091,emo rap,miami hip hop,,,,,,,,,15UsOTVnJzReFVN1VCnxy4,XXXTENTACION,93
250271,pop rap,,,,,,,,,,6USMTwO0MNDnKte5a5h0xx,Y2K,73
2340186,alabama rap,rap,trap,underground hip hop,vapor trap,viral rap,,,,,3gGUMEwIX6XodWsYEvKSal,YBN Nahmir,70
842730,dfw rap,hip hop,rap,southern hip hop,trap,,,,,,7kwCkEJ384PWm0UQW3hxjS,Yella Beezy,66
1653715,arkansas hip hop,atl hip hop,melodic rap,pop r&b,rap,southern hip hop,trap,,,,5Berubt6ysOy2LCMyqhmXP,YFN Lucci,71
2385009,cali rap,gangster rap,hip hop,pop rap,rap,southern hip hop,trap,,,,0A0FS04o6zMoto8OKPsDwY,YG,84
962722,melodic rap,pop r&b,pop rap,trap,viral rap,,,,,,7meyrw7Or5DwteYxDJrkCM,YK Osiris,68
4959974,melodic rap,,,,,,,,,,1cNDP5yjU5vjeR8qMf4grg,YNW Melly,83
3081235,dirty south rap,gangster rap,hip hop,memphis hip hop,pop rap,rap,southern hip hop,tennessee hip hop,trap,,6Ha4aES39QiVjR0L2lwuwq,Yo Gotti,77
1434415,gangster rap,hip hop,rap,southern hip hop,tennessee hip hop,trap,,,,,3HiuzBlSW7pGDXlSFMhO2g,Young Dolph,74
1051789,hip hop,lgbtq+ hip hop,nyc rap,pop rap,rap,trap,,,,,7LvoDJUNGnOrPdGRzVtOJ9,Young M.A,70
519588,rap,southern hip hop,trap,underground hip hop,vapor trap,,,,,,5yPzzu25VzEk8qrGTLIrE1,Young Nudy,72
395015,atl trap,dirty south rap,drill,gangster rap,rap,southern hip hop,trap,,,,4cmA2QDPdzh8W2ytpyUGes,Young Scooter,61
2703,,,,,,,,,,,1iBGuNBYRKnNdKxm0kKNM0,Young Sinatra,44
5675094,atl hip hop,atl trap,gangster rap,melodic rap,pop rap,rap,trap,,,,50co4Is1HCEo8bhOyUWKpn,Young Thug,93
5675094,atl hip hop,atl trap,gangster rap,melodic rap,pop rap,rap,trap,,,,50co4Is1HCEo8bhOyUWKpn,Young Thug,93
5818060,baton rouge rap,trap,,,,,,,,,7wlFDEWiM5OoIAt8RSli8b,YoungBoy Never Broke Again,89
5818060,baton rouge rap,trap,,,,,,,,,7wlFDEWiM5OoIAt8RSli8b,YoungBoy Never Broke Again,89
10328,south african hip hop,spiritual hip hop,,,,,,,,,3kv1Edgn5HlEWCuEKr1Y9x,Yugen Blakrok,47
599603,alabama rap,pop r&b,trap,,,,,,,,3KNIG74xSTc3dj0TRy7pGX,Yung Bleu,70
415207,emo rap,melodic rap,oc rap,pop rap,rap,sad rap,trap,underground hip hop,vapor trap,,61qMnYXa1GxSBoV3IiYKjZ,Yung Pinch,68
61380,gqom,,,,,,,,,,3qBKjEOanahMxlRojwCzhI,Zacari,69
385201,pop,,,,,,,,,,1CO6e7WRJvSFenmQO8n64C,Zhavia Ward,68